{
    "loss": 0.09358716756105423,
    "accuracy": 0.9649532437324524
}